{"initial_reset_timestamp": 1590232688.646131, "timestamps": [1590232727.4141996, 1590232844.5942457], "episode_lengths": [100, 100], "episode_rewards": [-4550.0, -3900.0], "episode_types": ["t", "t"]}