{"initial_reset_timestamp": 1590241849.7043092, "timestamps": [1590241892.4979343, 1590241930.5876842, 1590241968.620016, 1590242026.8041568, 1590242094.0290973], "episode_lengths": [100, 100, 100, 100, 100], "episode_rewards": [-4150.0, -14200.0, -4100.0, -2850.0, -4200.0], "episode_types": ["t", "t", "t", "t", "t"]}