{"initial_reset_timestamp": 1590243278.1250086, "timestamps": [1590243321.14004], "episode_lengths": [100], "episode_rewards": [-5050.0], "episode_types": ["t"]}